{"5": [1.1213365896980463, 1.0606085594128805, 1.0750803388840198, 1.132494791264758, 1.171536962985748, 1.1126916868442291, 1.0270926393474462, 1.1095229424617625, 1.1076851744523009, 1.0610971313537998, 1.086329431438127, 1.088992731048806, 1.103076923076923, 1.1172102890479978, 1.0489525213180335, 1.1199491243518247, 1.0780061314863176, 1.2016045304388863, 1.1124451627799585, 1.0501586526726874, 1.1921820162168704, 1.045480451384931, 1.07564130673098, 1.1459723658238556, 1.1430218038613005, 1.0316358024691359, 1.1192192192192192, 1.0816551447750726, 1.0931955546890233, 1.1300056721497447], "10": [1.2375762859633828, 1.1855442176870747, 1.1710675645002648, 1.228583485722324, 1.210066937918362, 1.2010577705451586, 1.174550461687996, 1.2342036759485682, 1.2102286697811655, 1.1203058459156021, 1.2467203898050974, 1.2423365015421415, 1.1673716864072194, 1.2735958133025012, 1.2190069056231503, 1.1915899078894674, 1.165239797190591, 1.2288221397232535, 1.1958660720605931, 1.1606092595385311, 1.2212457011845625, 1.204505907134353, 1.1738126172946441, 1.1957060280759704, 1.1545720361509835, 1.2204519698686753, 1.2679733727810651, 1.3129710717105736, 1.236207290160566, 1.2448962516733602], "15": [1.226148409893993, 1.1771345875542691, 1.1723338485316848, 1.215213358070501, 1.2108100822213237, 1.1899678020674462, 1.2059844602413623, 1.2498294679399726, 1.2038629634851261, 1.1714004268593006, 1.1499511786860093, 1.1863612004287245, 1.2134666666666667, 1.1805782060785768, 1.1645226811103588, 1.2095111896348645, 1.1523431969418094, 1.2132132132132132, 1.1713416694829335, 1.2358824434528388, 1.2287504896200547, 1.1411965282083074, 1.1317386028774485, 1.2108698952482162, 1.167571234735414, 1.1892598861363286, 1.2007623888182972, 1.2871348663766315, 1.2134831460674158, 1.183450618781849], "20": [1.2076629397327516, 1.2070821868644575, 1.19224056920392, 1.2374447046578194, 1.208955223880597, 1.2390433258201854, 1.2227162489894907, 1.2805007991475759, 1.2442502890916098, 1.1682680151706701, 1.2176651735722284, 1.283981183461253, 1.2045231071779745, 1.2472354789896403, 1.2597368421052633, 1.1698947094761472, 1.1942751126424596, 1.21500119246363, 1.2313176656984421, 1.1996359223300972, 1.2319845857418112, 1.2336029869321719, 1.179864947820749, 1.2122465314834578, 1.258905299739357, 1.1775882704967087, 1.2597148448420463, 1.2463620488940628, 1.269689737470167, 1.2101121958327261], "25": [1.241615139591531, 1.2779639380883996, 1.2774091036545472, 1.2517720703304795, 1.2504015874515733, 1.2474724264705883, 1.2279494911421034, 1.2470860023101964, 1.2270604843088284, 1.2635409774080726, 1.30956459028216, 1.249762007788836, 1.2730758940515474, 1.2701314529468095, 1.2510621861722673, 1.22118097541314, 1.236441307578009, 1.2422914911541703, 1.2387146795313577, 1.1930075649151504, 1.2570395246706279, 1.2610412267009456, 1.2313929124533114, 1.2455173795452268, 1.2305397594854106, 1.2343956917100734, 1.2239459755429822, 1.272669220945083, 1.291553871142393, 1.2463918498254882], "30": [1.2469508361624544, 1.3049907578558226, 1.2422368421052632, 1.2481710748452448, 1.2240500800698793, 1.257705363204345, 1.3000863025520897, 1.2916810891888773, 1.2452905279915096, 1.2808030112923463, 1.3638661710037174, 1.2425192734875212, 1.2279563957499655, 1.2674303493141, 1.2154284164859002, 1.1932650073206441, 1.2451621338912133, 1.250439011211671, 1.2243718034245052, 1.2265094218689911, 1.2314422419685578, 1.2334329845540608, 1.221430783524311, 1.2240034047382606, 1.2796565249655465, 1.2256427994926784, 1.285, 1.2472054477707826, 1.2531461120678236, 1.2602739726027397]}