{"5": [1.1679955497867607, 1.1382834403545266, 1.1377872795296633, 1.1760179763039629, 1.3006535947712419, 1.199965803197401, 1.0990424605861302, 1.1502865452057138, 1.2549736439381058, 1.1284503962831374, 1.1901133441280123, 1.2682521204057875, 1.2056513409961687, 1.2596162195016063, 1.1225425372476416, 1.2651495104525006, 1.1743020206694432, 1.3752650776147255, 1.1684291187739464, 1.105956055928818, 1.250845907636031, 1.1375694996028594, 1.1714502226011176, 1.2359401293065273, 1.2366158655724893, 1.073144012808629, 1.20717755837643, 1.172972972972973, 1.1426778646587508, 1.28216642228739], "10": [1.6196548368925079, 1.4992077689752108, 1.490168684673497, 1.5531240861682425, 1.6447715395310927, 1.509892537913026, 1.4664593982188965, 1.5646516144695315, 1.4851904837598686, 1.3465454545454545, 1.603428909252143, 1.6339995065383666, 1.496084554407879, 1.6649677853639773, 1.4565217391304348, 1.6506194852100764, 1.5597216853498261, 1.572632974944347, 1.5556072591903212, 1.5201355661881977, 1.5531018518518518, 1.5340040683929848, 1.4901501959077057, 1.5792895021953584, 1.5053395984621956, 1.5251624603294545, 1.6287431576687774, 1.551217868489458, 1.5905077853282679, 1.6668998251311515], "15": [2.0301262987138387, 1.955760673702791, 1.9939276632889293, 1.9169550173010381, 2.0010948505528994, 1.9119245524296675, 1.8979804723358091, 1.8667562423020938, 1.971732343262172, 1.8579905796832696, 2.0489805766678733, 2.0087472664792254, 1.9448348559381587, 1.9981463953304939, 1.9164413960056486, 1.9603507165745273, 1.968189446205482, 1.9725186376260782, 1.964757390454825, 1.9218426103646833, 2.023529411764706, 1.917010596765198, 1.9110018060946086, 1.9398612181958366, 1.9021236368547216, 1.906923531148509, 1.9835860117242774, 2.0351408315769306, 2.0356902356902355, 1.963178097082102], "20": [2.2903137133628837, 2.114523439085436, 2.252650883627876, 2.160957707095421, 2.151756301587889, 2.17185694205841, 2.1352261947597397, 2.1441511738363412, 2.1330144155135327, 2.1034506603969296, 2.220717998307748, 2.1969946407930223, 2.2145003229157894, 2.2235649546827796, 2.176994977214516, 2.246534548161804, 2.1528900768459738, 2.228641576281195, 2.3404336118207554, 2.1090526679728017, 2.1922356267052363, 2.2210492436433857, 2.0862750442960336, 2.227375841971172, 2.1618648507071767, 2.219245999806832, 2.1546456174971222, 2.360527873533201, 2.2160703773955133, 2.204989440337909], "25": [2.571944591728526, 2.4411247158882614, 2.6141527131244353, 2.461286089238845, 2.5347298370325557, 2.4781380855000488, 2.538623295547889, 2.4822140062457376, 2.4834823812066205, 2.4251590289497598, 2.6062268158904285, 2.4625154785069876, 2.4785758857380573, 2.552647793235399, 2.486193326498892, 2.575799416324097, 2.4999492334247133, 2.4834925249169437, 2.5440081939228407, 2.437232960325534, 2.549257572069409, 2.463964831215505, 2.432095680114245, 2.5148287948234027, 2.5289893711563756, 2.527997491201784, 2.516451602257351, 2.7141930134467716, 2.627248925886144, 2.4605871707218983], "30": [2.9407033892895895, 2.9277638395620866, 2.9728513855478145, 2.823421535237097, 2.905121585875004, 2.874842842603125, 2.89105710888191, 2.884154667328699, 2.844404186795491, 2.844062664560295, 2.9616551546059, 2.8591074293572576, 2.8380298158433206, 3.024908289404729, 2.8415473433575786, 2.9876247383906094, 2.914347499059797, 2.873033285275497, 2.9323158593231584, 2.8968963356311224, 2.919793873099175, 2.8657885674931127, 2.846775456510164, 2.8775300721732155, 2.840592937621955, 2.867622815694032, 2.8622512437810945, 2.903064838065804, 2.9970164668081933, 2.947510307643514]}