{"5": [116.12296650717703, 121.64281914893616, 130.38677884615385, 123.24884792626727, 103.56256684491977, 116.34295774647887, 115.28210526315789, 108.98607954545454, 108.37264573991031, 132.02802197802197, 95.55597014925372, 110.42797927461139, 122.10926966292133, 116.54253393665158, 126.06984126984128, 114.00426136363636, 129.93208556149733, 129.96521739130435, 103.28809523809524, 102.91656976744186, 117.26408450704226, 130.4406779661017, 115.0175, 109.89375, 112.63372641509433, 128.11076923076922, 125.26554054054053, 119.90389610389609, 122.33688118811881, 118.595], "10": [99.33376623376623, 107.94282178217821, 115.06095890410958, 109.22905405405406, 105.38780487804878, 111.04009216589863, 113.99730941704036, 124.30527522935779, 99.07197580645162, 126.05999999999999, 113.89570815450644, 108.5104938271605, 114.85481171548116, 110.10374999999999, 114.69651639344262, 112.70797101449276, 104.00376106194689, 123.91129707112971, 114.05796812749003, 103.93776824034335, 104.80622317596566, 111.49352331606218, 102.8636170212766, 102.64576271186439, 115.02011494252874, 119.18057851239669, 106.05696202531645, 97.69620253164557, 102.81012931034482, 97.6764], "15": [94.86646341463415, 104.12125506072874, 98.60914634146341, 103.1740157480315, 94.34291338582678, 99.71506024096385, 95.49159836065574, 97.3342105263158, 88.89823529411764, 95.6910358565737, 95.99226190476189, 99.9890438247012, 104.7418326693227, 84.05738636363635, 103.3640977443609, 103.47142857142858, 97.48850806451613, 115.21220930232558, 98.50097276264592, 95.71488095238095, 92.486875, 97.11087866108787, 108.36513944223108, 88.04753086419753, 82.11395348837209, 101.88444444444444, 88.58505747126436, 85.96543209876543, 107.0035294117647, 98.75209923664121], "20": [91.09597701149424, 99.43735632183908, 102.72738095238095, 86.06027667984189, 86.0346, 98.61166007905138, 93.52702702702703, 97.87741935483871, 89.57424812030075, 87.87588235294118, 98.86368821292776, 97.39003984063744, 103.44963099630996, 89.58192771084337, 93.21722222222222, 91.62373540856031, 88.92865384615385, 103.1910780669145, 94.30842696629213, 94.46653846153845, 96.369, 112.58863636363637, 98.68720930232558, 90.24140625, 74.15207547169811, 96.87294117647059, 86.02951807228915, 90.01728395061728, 93.81337209302326, 86.0467032967033], "25": [76.48357664233576, 81.64444444444445, 82.97600806451612, 70.04335793357933, 64.59302325581395, 83.96011235955055, 75.58301886792452, 73.18859315589354, 78.26921641791044, 79.35225563909775, 77.48402255639098, 78.27679245283018, 74.62193308550185, 73.7654716981132, 80.88365019011407, 75.4561111111111, 70.4494382022472, 79.14670329670331, 74.6211111111111, 79.53078358208955, 73.91404494382023, 80.10509433962262, 68.33426966292134, 71.19540229885057, 62.13166666666666, 71.70905660377358, 68.44736842105263, 66.07886029411765, 61.76292775665399, 70.18909090909091], "30": [68.72127272727272, 72.76439114391144, 78.00055555555555, 66.24333333333333, 62.344795539033456, 70.47191011235955, 71.73011152416358, 63.990992647058825, 67.07944444444443, 56.36094339622641, 63.843888888888884, 69.50576208178438, 77.4235401459854, 63.28533834586466, 63.41373626373626, 63.37197802197802, 72.66136363636363, 74.56888888888888, 67.84237918215614, 60.32070895522388, 60.19157303370786, 68.4942379182156, 68.86449814126394, 65.75625, 57.45337078651685, 69.25955056179775, 58.004999999999995, 64.62078651685393, 66.81526717557252, 67.30636363636363]}