{"5": [0.7545126353790613, 0.6787003610108303, 0.7509025270758123, 0.7833935018050542, 0.6750902527075813, 0.7689530685920578, 0.6895306859205776, 0.6425992779783394, 0.8086642599277978, 0.6570397111913358, 0.7256317689530686, 0.6967509025270758, 0.6425992779783394, 0.7978339350180506, 0.6823104693140795, 0.6353790613718412, 0.6750902527075813, 0.6678700361010831, 0.6823104693140795, 0.6209386281588448, 0.8339350180505415, 0.6389891696750902, 0.6498194945848376, 0.7509025270758123, 0.779783393501805, 0.703971119133574, 0.8050541516245487, 0.8339350180505415, 0.7292418772563177, 0.7689530685920578], "10": [0.8447653429602888, 0.7292418772563177, 0.7906137184115524, 0.8014440433212996, 0.8880866425992779, 0.7870036101083032, 0.8050541516245487, 0.7942238267148014, 0.8989169675090253, 0.8122743682310469, 0.8411552346570397, 0.8808664259927798, 0.8628158844765343, 0.8664259927797834, 0.8844765342960289, 0.7472924187725631, 0.8158844765342961, 0.8736462093862816, 0.9061371841155235, 0.8411552346570397, 0.8953068592057761, 0.6967509025270758, 0.851985559566787, 0.851985559566787, 0.9458483754512635, 0.8736462093862816, 0.8592057761732852, 0.855595667870036, 0.8411552346570397, 0.9169675090252708], "15": [0.8880866425992779, 0.8916967509025271, 0.9133574007220217, 0.9169675090252708, 0.9169675090252708, 0.9061371841155235, 0.8844765342960289, 0.8628158844765343, 0.9350180505415162, 0.924187725631769, 0.9097472924187726, 0.9061371841155235, 0.9133574007220217, 0.9566787003610109, 1.0072202166064983, 0.9097472924187726, 0.8989169675090253, 0.9458483754512635, 0.9314079422382672, 0.9097472924187726, 0.9169675090252708, 0.8772563176895307, 0.9061371841155235, 0.8808664259927798, 0.9314079422382672, 0.9855595667870036, 0.9458483754512635, 0.8880866425992779, 0.9205776173285198, 0.9747292418772563], "20": [0.9494584837545126, 0.9566787003610109, 0.9205776173285198, 0.9205776173285198, 0.9025270758122743, 0.9169675090252708, 0.9494584837545126, 0.9494584837545126, 0.9927797833935018, 0.9314079422382672, 0.9530685920577617, 0.9097472924187726, 1.0180505415162455, 0.9097472924187726, 1.03971119133574, 0.927797833935018, 0.9458483754512635, 0.9891696750902527, 0.9675090252707581, 0.9747292418772563, 0.9386281588447654, 0.8880866425992779, 0.9675090252707581, 0.924187725631769, 0.9963898916967509, 0.9350180505415162, 0.8989169675090253, 0.8808664259927798, 0.9350180505415162, 1.0036101083032491], "25": [1.0, 0.9891696750902527, 0.9205776173285198, 0.9783393501805054, 0.9350180505415162, 0.9711191335740073, 0.9638989169675091, 0.9963898916967509, 1.0036101083032491, 1.0072202166064983, 0.9711191335740073, 0.9675090252707581, 0.9963898916967509, 0.9891696750902527, 0.9638989169675091, 0.9783393501805054, 0.9711191335740073, 1.036101083032491, 0.9855595667870036, 0.9855595667870036, 1.032490974729242, 0.9638989169675091, 1.032490974729242, 0.9494584837545126, 0.9747292418772563, 0.9675090252707581, 0.9675090252707581, 0.9855595667870036, 0.9494584837545126, 1.0108303249097472], "30": [1.0036101083032491, 0.9783393501805054, 1.0577617328519855, 0.9891696750902527, 0.9711191335740073, 0.9747292418772563, 0.9891696750902527, 1.0, 0.9927797833935018, 0.9855595667870036, 1.0144404332129964, 0.9819494584837545, 1.032490974729242, 0.9927797833935018, 1.0252707581227436, 1.0144404332129964, 0.9602888086642599, 1.0216606498194947, 0.9855595667870036, 1.0144404332129964, 1.0288808664259927, 0.9819494584837545, 1.0216606498194947, 0.9602888086642599, 0.9819494584837545, 0.9747292418772563, 1.0036101083032491, 0.9891696750902527, 0.9638989169675091, 1.0216606498194947]}