{"5": [0.5740072202166066, 0.516245487364621, 0.5054151624548736, 0.5740072202166066, 0.5126353790613718, 0.6064981949458483, 0.5090252707581228, 0.555956678700361, 0.5848375451263538, 0.4259927797833935, 0.5306859205776173, 0.4981949458483754, 0.49458483754512633, 0.5776173285198556, 0.5054151624548736, 0.44404332129963897, 0.47653429602888087, 0.4693140794223827, 0.5703971119133574, 0.48014440433212996, 0.555956678700361, 0.4981949458483754, 0.48375451263537905, 0.5703971119133574, 0.5234657039711191, 0.5054151624548736, 0.5884476534296029, 0.5415162454873647, 0.5487364620938628, 0.5523465703971119], "10": [0.6101083032490975, 0.48375451263537905, 0.516245487364621, 0.5234657039711191, 0.5812274368231047, 0.5631768953068592, 0.5415162454873647, 0.516245487364621, 0.5884476534296029, 0.48736462093862815, 0.5126353790613718, 0.5884476534296029, 0.51985559566787, 0.6209386281588448, 0.6028880866425993, 0.5270758122743683, 0.5415162454873647, 0.6353790613718412, 0.6534296028880866, 0.5776173285198556, 0.5415162454873647, 0.516245487364621, 0.5992779783393501, 0.5848375451263538, 0.5956678700361011, 0.5740072202166066, 0.6787003610108303, 0.5884476534296029, 0.5848375451263538, 0.6245487364620939], "15": [0.5776173285198556, 0.4187725631768953, 0.4981949458483754, 0.5776173285198556, 0.5234657039711191, 0.592057761732852, 0.5487364620938628, 0.5776173285198556, 0.5812274368231047, 0.5054151624548736, 0.5018050541516246, 0.5595667870036101, 0.5487364620938628, 0.6353790613718412, 0.5956678700361011, 0.5054151624548736, 0.5234657039711191, 0.5631768953068592, 0.5884476534296029, 0.5523465703971119, 0.5451263537906137, 0.5342960288808665, 0.5306859205776173, 0.5451263537906137, 0.6101083032490975, 0.5018050541516246, 0.6678700361010831, 0.6137184115523465, 0.5415162454873647, 0.5848375451263538], "20": [0.5595667870036101, 0.4729241877256318, 0.5018050541516246, 0.5451263537906137, 0.5595667870036101, 0.4584837545126354, 0.592057761732852, 0.516245487364621, 0.5595667870036101, 0.5306859205776173, 0.48375451263537905, 0.4981949458483754, 0.5018050541516246, 0.5487364620938628, 0.5740072202166066, 0.6064981949458483, 0.5415162454873647, 0.5090252707581228, 0.6642599277978339, 0.4981949458483754, 0.49458483754512633, 0.516245487364621, 0.555956678700361, 0.5379061371841155, 0.5992779783393501, 0.5234657039711191, 0.5703971119133574, 0.5487364620938628, 0.5523465703971119, 0.5703971119133574], "25": [0.6353790613718412, 0.6498194945848376, 0.5595667870036101, 0.6245487364620939, 0.6389891696750902, 0.6028880866425993, 0.6353790613718412, 0.6967509025270758, 0.5992779783393501, 0.5740072202166066, 0.6137184115523465, 0.6353790613718412, 0.6389891696750902, 0.5631768953068592, 0.6570397111913358, 0.592057761732852, 0.6462093862815884, 0.6534296028880866, 0.6931407942238267, 0.6498194945848376, 0.6101083032490975, 0.631768953068592, 0.6895306859205776, 0.6353790613718412, 0.7256317689530686, 0.6245487364620939, 0.6389891696750902, 0.631768953068592, 0.5956678700361011, 0.6534296028880866], "30": [0.5812274368231047, 0.5956678700361011, 0.5740072202166066, 0.6209386281588448, 0.6606498194945848, 0.6245487364620939, 0.5884476534296029, 0.6570397111913358, 0.6534296028880866, 0.6498194945848376, 0.6534296028880866, 0.7111913357400722, 0.5884476534296029, 0.631768953068592, 0.6389891696750902, 0.6101083032490975, 0.592057761732852, 0.5848375451263538, 0.6137184115523465, 0.6209386281588448, 0.6714801444043321, 0.5956678700361011, 0.5703971119133574, 0.5631768953068592, 0.703971119133574, 0.6353790613718412, 0.6534296028880866, 0.5812274368231047, 0.5992779783393501, 0.5812274368231047]}