{"5": [0.740072202166065, 0.628158844765343, 0.6678700361010831, 0.6714801444043321, 0.7111913357400722, 0.7148014440433214, 0.6642599277978339, 0.5992779783393501, 0.7472924187725631, 0.592057761732852, 0.7148014440433214, 0.6642599277978339, 0.6714801444043321, 0.7509025270758123, 0.6353790613718412, 0.5776173285198556, 0.6389891696750902, 0.628158844765343, 0.6750902527075813, 0.6462093862815884, 0.7870036101083032, 0.6209386281588448, 0.6245487364620939, 0.7220216606498195, 0.7292418772563177, 0.5487364620938628, 0.8375451263537906, 0.7436823104693141, 0.6570397111913358, 0.6859205776173285], "10": [0.776173285198556, 0.6245487364620939, 0.7581227436823105, 0.7256317689530686, 0.8050541516245487, 0.6967509025270758, 0.8014440433212996, 0.6425992779783394, 0.7906137184115524, 0.6967509025270758, 0.7075812274368231, 0.8050541516245487, 0.7292418772563177, 0.7833935018050542, 0.740072202166065, 0.5992779783393501, 0.6750902527075813, 0.7003610108303249, 0.779783393501805, 0.7581227436823105, 0.776173285198556, 0.628158844765343, 0.7328519855595668, 0.7942238267148014, 0.8194945848375451, 0.7833935018050542, 0.7906137184115524, 0.8014440433212996, 0.7833935018050542, 0.8592057761732852], "15": [0.7906137184115524, 0.7689530685920578, 0.7581227436823105, 0.8303249097472925, 0.8158844765342961, 0.7328519855595668, 0.8447653429602888, 0.7075812274368231, 0.8447653429602888, 0.7653429602888087, 0.9169675090252708, 0.8483754512635379, 0.855595667870036, 0.9061371841155235, 0.9025270758122743, 0.7978339350180506, 0.8158844765342961, 0.7906137184115524, 0.9097472924187726, 0.8411552346570397, 0.9061371841155235, 0.855595667870036, 0.8267148014440433, 0.855595667870036, 0.9061371841155235, 0.8592057761732852, 0.8844765342960289, 0.8772563176895307, 0.8447653429602888, 0.8772563176895307], "20": [0.8808664259927798, 0.7906137184115524, 0.8231046931407943, 0.8592057761732852, 0.8628158844765343, 0.851985559566787, 0.8736462093862816, 0.8411552346570397, 0.8736462093862816, 0.8700361010830325, 0.7581227436823105, 0.8592057761732852, 0.8303249097472925, 0.8122743682310469, 0.9169675090252708, 0.8086642599277978, 0.7689530685920578, 0.9169675090252708, 0.9025270758122743, 0.8086642599277978, 0.8375451263537906, 0.8050541516245487, 0.8447653429602888, 0.9097472924187726, 0.8916967509025271, 0.8086642599277978, 0.8736462093862816, 0.9530685920577617, 0.8700361010830325, 0.8844765342960289], "25": [0.9494584837545126, 0.9025270758122743, 0.8086642599277978, 0.9097472924187726, 0.8808664259927798, 0.8844765342960289, 0.9927797833935018, 0.9314079422382672, 0.9025270758122743, 0.9675090252707581, 0.924187725631769, 0.9711191335740073, 0.9097472924187726, 0.8989169675090253, 0.9025270758122743, 0.9675090252707581, 0.8916967509025271, 0.9025270758122743, 0.9530685920577617, 0.9133574007220217, 0.9530685920577617, 0.9458483754512635, 0.9205776173285198, 0.9025270758122743, 0.9711191335740073, 0.8844765342960289, 0.9097472924187726, 0.9566787003610109, 0.9169675090252708, 0.9530685920577617], "30": [1.0108303249097472, 0.9350180505415162, 0.8880866425992779, 0.924187725631769, 0.9314079422382672, 0.8953068592057761, 0.9566787003610109, 0.9314079422382672, 0.924187725631769, 0.9566787003610109, 0.9458483754512635, 0.927797833935018, 0.8989169675090253, 0.927797833935018, 0.9566787003610109, 0.9494584837545126, 0.9097472924187726, 0.8628158844765343, 1.0072202166064983, 0.9422382671480144, 0.9350180505415162, 0.9530685920577617, 0.9350180505415162, 0.9350180505415162, 0.927797833935018, 0.9097472924187726, 1.036101083032491, 0.9855595667870036, 0.9422382671480144, 0.9566787003610109]}