{"5": [1.185082304526749, 1.086464984821522, 1.085399782266844, 1.1669798027242837, 1.2177486475239285, 1.2169446704637916, 1.0734549735138317, 1.1289687863339595, 1.249739613470663, 1.1212089077412513, 1.1747510440089945, 1.2696177062374245, 1.2251230472929595, 1.2628674721720103, 1.084107531132635, 1.2586410635155096, 1.114815526518063, 1.315939447907391, 1.158720972292556, 1.0951893551688843, 1.155688622754491, 1.149766446087972, 1.1548494983277593, 1.205628948879954, 1.219933799190879, 1.0851982724774245, 1.1949222702603257, 1.2084292721994194, 1.1733761182419291, 1.3185339127149065], "10": [1.6398935134082202, 1.4665368567454797, 1.4656540777230433, 1.5069596597499677, 1.5477245770647357, 1.4839296149600676, 1.4343231001509813, 1.5472495622245033, 1.4578513591671487, 1.3221531310847308, 1.5384368994234465, 1.5775248028491478, 1.4739717618170658, 1.622314151642381, 1.4426200035956134, 1.6079032532788282, 1.5317903697791966, 1.528409393471431, 1.5197733301181577, 1.5114439473513583, 1.474870327311751, 1.542785491467368, 1.4994718681782973, 1.5520840439320553, 1.4076743410076744, 1.503343504512108, 1.5679797614745212, 1.5821475671548553, 1.5754388458531732, 1.6345898944912782], "15": [1.9629962467621715, 1.9259702424305483, 1.9347101932045303, 1.844887053679864, 1.9025695931477515, 1.8788631478385478, 1.8227381718229136, 1.7983231941107305, 1.8960730365182592, 1.815654468168271, 1.9818531613976706, 1.9600787778783202, 1.9020164150369845, 1.9154213806037872, 1.8910989297833465, 1.926803213970554, 1.9006845815878206, 1.8910606210933625, 2.0041420118343196, 1.9103341953451363, 1.948536995819988, 1.8647735669798375, 1.8159876327731512, 1.9214494710781005, 1.810845962451934, 1.886233682166361, 1.9072452229299364, 1.9618680133915904, 2.022530612244898, 1.8724812756704519], "20": [2.2169306727010905, 2.1153928955866523, 2.217184333317623, 2.09015048520932, 2.181376945396993, 2.20232377292896, 2.1322779585295972, 2.0882148645519796, 2.1590872825913516, 2.0335972290945077, 2.227630068015193, 2.1563484277379046, 2.1565661047027507, 2.0634322810842955, 2.108161911081619, 2.136856127886323, 2.0984623449239908, 2.120572435789827, 2.2079507667874334, 2.067890529165433, 2.087024300779459, 2.1847179672012977, 2.059027283511269, 2.202842700565537, 2.1091405184174623, 2.134593100989393, 2.0973033365496927, 2.2752764612954186, 2.185768888423478, 2.1698972024753234], "25": [2.4438925494171313, 2.5295696039497693, 2.532810378639312, 2.3505084390397317, 2.5399775676974845, 2.425795858797774, 2.4776857726637274, 2.455339307117174, 2.480055172413793, 2.3814034217703943, 2.5376370161994375, 2.3895566502463055, 2.4240750126710595, 2.3956194387405887, 2.488884639288617, 2.458644755729347, 2.4840998417640754, 2.4981159074648223, 2.5835810409122844, 2.439820233135153, 2.4604587657018024, 2.5417958155753584, 2.4002908765452817, 2.5312764606265876, 2.400897829298784, 2.4231746822825815, 2.3262353262353264, 2.5353470779393747, 2.6671166176541483, 2.531758241758242], "30": [2.9229683972911964, 2.9263565891472867, 2.8333333333333335, 2.7124282594342017, 2.947782355144187, 2.8802111869303184, 2.9062964062964065, 2.931543474628196, 2.919674949210814, 2.9054610165721275, 2.932929904185577, 2.7118261826182617, 2.9028024606971976, 2.980046575632476, 2.7930316935225696, 2.955208333333333, 2.7643733627464497, 2.8134550961406086, 2.9664452310527083, 2.9574306759098787, 2.781479153572177, 2.8730959188978424, 2.787313616455883, 2.885722766399525, 2.802146210596915, 2.785374611801242, 2.8983097505918627, 2.791345135421395, 2.93425172197871, 2.9731689272503083]}