{"5": [120.31170731707317, 115.58670520231213, 122.25662983425414, 118.48306451612902, 109.21142131979695, 115.14289340101523, 123.92622950819671, 111.02891566265059, 106.78260869565217, 134.5746951219512, 99.53939393939393, 111.51803278688524, 127.27177419354838, 116.07794117647059, 126.86079545454545, 113.9146875, 130.9422857142857, 122.13502994011975, 112.94117647058825, 112.9877094972067, 120.69565217391303, 132.76228070175438, 111.71184971098266, 112.99199999999999, 111.49725000000001, 120.5516447368421, 126.62918552036199, 115.60425000000001, 121.62362637362637, 113.201871657754], "10": [110.02251184834122, 115.39298780487803, 118.43602941176471, 113.0686567164179, 109.32926267281105, 112.29093264248705, 122.92920560747663, 126.06120689655172, 102.9894495412844, 118.10737704918033, 118.16874999999999, 107.9838785046729, 110.95833333333333, 117.68149038461539, 111.68128078817735, 102.45818181818181, 103.47131147540983, 123.8544502617801, 113.74808612440192, 104.69048780487803, 115.93252427184466, 120.53879310344827, 108.46336633663367, 117.45416666666667, 112.36651982378855, 123.5268115942029, 110.72830188679244, 109.51720183486239, 108.09042056074766, 113.60424107142856], "15": [107.63200934579439, 109.9204326923077, 117.603, 114.37035398230088, 109.50736607142856, 113.67244897959183, 107.83810572687224, 98.52890624999999, 93.0404347826087, 111.40558252427185, 117.1959574468085, 113.39333333333333, 116.87511013215858, 105.90619834710743, 113.38717948717948, 116.34788732394367, 114.40794392523364, 114.19513888888889, 113.0514344262295, 112.52443438914027, 107.03771186440679, 115.2140625, 119.34027149321267, 111.6117903930131, 103.69487704918032, 116.00243362831857, 104.67090517241378, 105.46386554621849, 117.25150862068965, 113.19266666666665], "20": [106.784243697479, 117.79714285714284, 118.62991071428571, 109.35717391304348, 95.31315789473685, 120.62402597402597, 111.56508620689655, 116.1495475113122, 107.4928870292887, 111.1487012987013, 110.43399014778325, 103.30873362445415, 120.24815668202766, 110.30795454545454, 119.26197478991597, 103.85189573459715, 114.03, 119.64694323144104, 108.15122950819672, 118.35414746543779, 112.69562211981567, 120.03096330275228, 107.22555066079296, 102.46493506493506, 105.31125, 120.99859154929578, 107.79563318777294, 107.8742914979757, 111.06574468085105, 104.55063559322035], "25": [101.72755102040816, 95.76659751037344, 94.59014084507042, 101.8445564516129, 95.00170212765957, 108.10152838427946, 97.38705179282867, 97.10670731707317, 95.39558823529411, 105.32204081632652, 109.10121951219513, 106.86521739130434, 102.2703781512605, 93.57794117647059, 105.3506329113924, 107.44090909090909, 101.95550847457628, 110.88285123966942, 98.32410358565737, 108.475, 99.51719999999999, 112.4436, 96.9334008097166, 96.37962962962962, 96.12857142857143, 102.21566523605149, 98.69012345679012, 97.53214285714284, 97.66898734177215, 93.74581673306773], "30": [100.34331983805667, 105.97874999999999, 97.98636363636363, 98.62654320987654, 94.36045081967212, 97.629375, 101.97157258064514, 85.9125, 94.21530612244898, 89.07590361445783, 93.74074074074073, 93.68359683794465, 109.19058577405858, 91.99939759036145, 94.77678571428571, 98.5608870967742, 104.87800829875518, 101.29313304721029, 105.6375, 88.81309523809523, 99.01130952380953, 97.38070866141732, 101.98125, 93.045625, 91.6529761904762, 93.52948717948718, 88.2227626459144, 100.9292490118577, 104.6930962343096, 92.50263157894737]}