{"5": [108.5516129032258, 116.55616438356164, 111.50816326530612, 124.90896226415093, 85.02216494845361, 95.77135922330096, 110.87661290322579, 106.18571428571428, 106.67544642857143, 116.83051948051947, 134.32083333333333, 97.98472222222223, 95.3686046511628, 112.35656250000001, 121.18584905660376, 69.53461538461538, 101.10340909090908, 107.33833333333332, 74.99620253164557, 108.3431818181818, 100.9141592920354, 105.30163043478261, 110.07519685039371, 130.63392857142856, 98.73529411764706, 99.5625, 124.78615384615384, 117.88461538461539, 94.55487804878048, 97.36813186813185], "10": [126.61525423728813, 143.00740740740738, 111.85588235294118, 139.61739130434782, 139.42758620689654, 114.94125, 107.65078125, 120.12295081967213, 153.46666666666667, 146.76764705882354, 142.3315789473684, 137.3357142857143, 141.78488372093022, 125.09745762711864, 149.13642857142855, 117.67131147540982, 141.35514705882352, 121.88399999999999, 110.85671641791045, 139.1909090909091, 131.25272727272727, 162.63888888888889, 123.83947368421052, 139.76379310344825, 123.16836734693877, 165.28260869565216, 149.68557692307692, 126.7685393258427, 127.86323529411763, 135.87096774193546], "15": [99.77028985507245, 96.51209677419354, 105.04184210526316, 90.41909547738693, 94.87348484848484, 90.64558823529411, 103.08507462686568, 94.75390625, 88.18078817733989, 92.27755102040815, 94.64122340425531, 109.25441176470588, 94.6427027027027, 92.07938388625593, 91.55681818181817, 98.46548223350253, 104.17747252747252, 100.44565217391303, 104.5661214953271, 93.10714285714285, 103.73147208121827, 89.97653631284916, 101.98308823529412, 104.234375, 94.80499999999999, 91.04854368932038, 79.92127659574469, 103.23473684210526, 99.14839572192513, 106.33897058823528], "20": [113.9421875, 98.74789156626507, 104.36519337016576, 107.32290502793296, 97.9404255319149, 106.22962962962963, 97.29413265306123, 111.94725000000001, 103.23397790055249, 98.74698795180723, 101.51881188118811, 108.38684210526316, 111.65483870967742, 107.78607954545454, 101.63856382978723, 98.6110465116279, 99.58870967741935, 93.72486033519553, 105.84874371859296, 96.25277777777778, 96.47049689440993, 102.05032258064516, 97.47825, 103.76155778894471, 95.57165775401069, 100.41961325966851, 116.05983606557376, 103.42809278350515, 96.96204188481676, 99.73805970149255], "25": [110.5078947368421, 112.82428571428572, 104.37258064516129, 117.9109756097561, 101.15875, 104.32964601769912, 103.90606060606059, 116.26475409836064, 112.87622950819672, 111.90206896551724, 106.21585365853659, 113.20955056179776, 97.3439393939394, 98.37259615384616, 108.86065573770492, 109.51125, 93.84354838709677, 110.61718749999999, 98.14120879120878, 102.22113402061856, 106.94510869565218, 118.61341463414634, 133.70578512396693, 111.77820512820513, 105.41823529411764, 101.16089108910892, 105.1651515151515, 124.09065420560748, 123.22153846153846, 105.3625], "30": [93.91184210526315, 94.0823353293413, 103.15294117647058, 92.7078947368421, 91.4622754491018, 105.44680851063829, 99.13467741935483, 103.08103448275862, 94.74237288135592, 103.29720670391062, 101.63985507246377, 104.82758620689656, 86.79110429447853, 104.53281249999999, 103.25904255319148, 108.59830508474576, 103.63965517241378, 107.32962962962962, 117.27352941176471, 109.62672413793102, 92.15833333333333, 105.9952095808383, 89.3270718232044, 100.31648936170212, 111.99217877094972, 94.67941176470589, 104.47109826589595, 108.8295081967213, 107.76440217391304, 106.86125654450261]}