{"5": [108.5516129032258, 116.55616438356164, 111.50816326530612, 124.90896226415093, 97.53113207547169, 94.60147058823529, 110.87661290322579, 106.18571428571428, 106.67544642857143, 116.83051948051947, 134.32083333333333, 97.99722222222222, 95.3686046511628, 115.34909638554217, 121.18584905660376, 69.53461538461538, 101.10340909090908, 110.14891304347826, 74.57625, 108.3431818181818, 100.9141592920354, 105.30163043478261, 110.07519685039371, 130.63392857142856, 101.03895348837209, 99.5625, 124.78615384615384, 117.88461538461539, 94.55487804878048, 97.36813186813185], "10": [127.695, 140.01739130434783, 118.35882352941175, 143.01160714285714, 149.463, 125.85441176470587, 100.44661016949154, 131.76666666666665, 137.17636363636362, 146.76764705882354, 140.19590163934424, 122.68622448979592, 143.109375, 118.0383116883117, 157.968, 130.92972972972973, 134.2195652173913, 133.70948275862068, 97.8157894736842, 134.1, 141.19772727272726, 155.59556962025314, 119.62894736842104, 136.02169811320755, 131.8779661016949, 165.5767857142857, 130.6235294117647, 107.2906779661017, 138.35681818181817, 127.95217391304348], "15": [93.76699507389162, 101.06177884615384, 97.77543859649123, 89.74347826086957, 102.83223350253807, 98.30302325581395, 103.38676470588236, 93.60443786982249, 98.62042253521126, 87.39237288135593, 90.8245945945946, 101.67112676056337, 95.86803278688525, 90.69951923076923, 81.83432432432433, 100.8173076923077, 101.03272727272726, 93.9201923076923, 97.67384615384614, 97.32187499999999, 92.6641304347826, 92.10086206896551, 105.88417085427135, 96.15634920634919, 97.04854368932038, 92.14528301886791, 85.00463414634147, 116.6, 104.98046874999999, 103.2490243902439], "20": [91.7841059602649, 104.11463414634146, 105.65209580838324, 98.6878125, 99.37170329670329, 105.82543352601155, 108.39999999999999, 102.77786885245901, 100.19736842105263, 97.63373493975902, 99.62333333333333, 102.7664739884393, 104.0758064516129, 98.12894736842105, 102.15229591836736, 101.20258064516128, 104.4258064516129, 89.4921052631579, 101.05054054054054, 106.0871052631579, 103.15887096774193, 104.525, 90.075, 107.61063829787233, 99.74583333333332, 105.28702702702702, 109.54005681818182, 91.29859550561797, 106.18432835820896, 103.66926605504587], "25": [110.53676470588235, 90.16607142857143, 71.95479452054795, 95.05421052631579, 98.26513761467889, 99.84714285714286, 116.65853658536585, 112.06009615384616, 115.14140625, 96.74189189189188, 107.18739130434783, 124.4266304347826, 112.390099009901, 103.81875, 108.96794871794872, 102.34730769230768, 109.63960396039603, 105.90170454545454, 97.23157894736842, 91.57799999999999, 100.72941176470587, 115.39146341463413, 126.09302325581395, 115.25816326530612, 132.13404255319148, 106.94867256637168, 130.156640625, 125.42948717948717, 107.15232558139535, 103.55624999999999], "30": [100.41140350877193, 87.40572289156626, 107.86114864864865, 99.83029411764706, 90.75084269662922, 96.88915662650602, 105.04668367346939, 110.59588235294116, 86.13000000000001, 109.30384615384615, 93.6590909090909, 101.44481707317073, 94.25477528089887, 111.65113636363637, 103.17257142857142, 104.70769230769231, 98.268, 114.28421052631579, 122.77941176470587, 113.21187845303868, 94.8528901734104, 95.725, 86.03259493670886, 102.2896875, 110.53457142857143, 104.84184782608695, 90.15617647058822, 104.9520618556701, 95.80359116022099, 105.8145]}