{"5": [1.1213365896980463, 1.0606085594128805, 1.0750803388840198, 1.132494791264758, 1.1596424010217115, 1.112271540469974, 1.0270926393474462, 1.1095229424617625, 1.1076851744523009, 1.0610971313537998, 1.086329431438127, 1.08904821280133, 1.103076923076923, 1.1181563873717864, 1.0489525213180335, 1.1199491243518247, 1.0780061314863176, 1.2033096926713949, 1.1122488259296328, 1.0501586526726874, 1.1921820162168704, 1.045480451384931, 1.07564130673098, 1.1459723658238556, 1.1527455529775716, 1.0316358024691359, 1.1192458128572862, 1.0816551447750726, 1.0931955546890233, 1.1304248775486958], "10": [1.1925967158363484, 1.1898578121147365, 1.1626100055498296, 1.2709769094138543, 1.216210327547389, 1.2548265578402136, 1.1818181818181819, 1.2384152812168376, 1.1969763779527558, 1.1039816671440847, 1.218502797607563, 1.2661223816592446, 1.1703222918531782, 1.2416666666666667, 1.2122887673956262, 1.190243566808862, 1.1723495585972301, 1.1814140558848434, 1.200952957192558, 1.154590150721367, 1.2367744860943168, 1.1731833601142654, 1.1447458922430265, 1.2059437431666833, 1.170551531234311, 1.2918714782400191, 1.2828500129076672, 1.2245669291338583, 1.2478826376285541, 1.2246741824578236], "15": [1.2432393555811276, 1.1854122962723899, 1.1697312588401698, 1.1974741676234213, 1.2012602394454945, 1.2116630669546435, 1.208170876419732, 1.2574867058494263, 1.2255371773071573, 1.1531629791212215, 1.1621847335894437, 1.1766832354270222, 1.203586633982712, 1.1873589164785554, 1.171806167400881, 1.1558030803080308, 1.1521314039890496, 1.1791694574681848, 1.153619136377757, 1.20349677928224, 1.228847481021394, 1.1443801401157478, 1.1582269603029878, 1.1769298762522098, 1.1456717344089358, 1.1496138996138996, 1.2159108989657916, 1.3343759308906762, 1.2004534542544678, 1.1741663567621172], "20": [1.2296181012809768, 1.244743063332089, 1.2479576399394856, 1.1734738057439746, 1.2587058681768888, 1.207979225684608, 1.2296602732856963, 1.3028723945094052, 1.2234571129707112, 1.1736842105263159, 1.2064670023853696, 1.2757402879652269, 1.208081841432225, 1.2234411085450347, 1.2243580941919538, 1.1921654726138202, 1.2066630552546045, 1.2047437630576379, 1.230054875474884, 1.2186915887850467, 1.2152701212789416, 1.234437751004016, 1.2002191180498494, 1.2402621958905837, 1.1928345626975765, 1.2081893793985925, 1.2425358912463473, 1.215915338097856, 1.2717204036426286, 1.186996238581408], "25": [1.2432554362537218, 1.2546046511627906, 1.2931638556180234, 1.2783290804271807, 1.24094290406724, 1.2375583203732503, 1.2495210727969348, 1.2459567508631655, 1.212127637018976, 1.2926953856632044, 1.303370786516854, 1.2884548308336239, 1.2622190510167677, 1.3138084632516704, 1.2533247729982573, 1.2462073630302444, 1.2608128262490679, 1.2200534759358288, 1.2483267547623134, 1.2161720664307105, 1.2618136513304263, 1.271862947349538, 1.2451987494417152, 1.2474004316264469, 1.217756817715809, 1.2496407701887153, 1.2525349148651235, 1.294885533365806, 1.2472939217318901, 1.254736280352219], "30": [1.2815789473684212, 1.3220956719817767, 1.192872687704026, 1.231932372901536, 1.2600531738118976, 1.2575664746967283, 1.2780152869542687, 1.2668171557562076, 1.2228938906752411, 1.24407663530212, 1.2989991131382237, 1.2056175245262732, 1.2318092055293939, 1.264081517124257, 1.2126153457211477, 1.1991279069767442, 1.2371266735324409, 1.216906474820144, 1.2179003021148036, 1.2464472700074793, 1.2466648516199292, 1.2336510751496341, 1.2313648293963255, 1.25, 1.2406567946005842, 1.2499705916950947, 1.2696288119221746, 1.276048329779673, 1.2505925730840137, 1.2803792851932896]}