{"5": [1.087828330206379, 1.0373792524149517, 1.036024844720497, 1.0805037783375315, 1.1595674535144402, 1.1006169909824395, 1.0361728565511528, 1.044268013954048, 1.1082089552238805, 1.0337676149960118, 1.0878875459800315, 1.089476923076923, 1.0841976815131178, 1.1616327751196172, 1.049015873015873, 1.1258650519031141, 1.0626409421197696, 1.1971347383376747, 1.0689311932313053, 1.05222968845449, 1.1345635202271114, 1.0668383773341918, 1.092365269461078, 1.1014124742104427, 1.0859245906564519, 1.038950389503895, 1.142042509072058, 1.1007990165949602, 1.0916583771493533, 1.1526297696803025], "10": [1.2432633933326234, 1.2067950169875425, 1.148761329305136, 1.2030769230769232, 1.2053538000748782, 1.1519328738387773, 1.1734705045419722, 1.1705759548078103, 1.1712328767123288, 1.114119170984456, 1.2227518680752383, 1.2459888145227835, 1.1582120582120583, 1.1917162918851658, 1.139677293934681, 1.1983813288161114, 1.2577209797657083, 1.1509596928982726, 1.2373528129088531, 1.1784397163120568, 1.1713433392374382, 1.1585653610193487, 1.1479872204472843, 1.1777566539923954, 1.1578947368421053, 1.1809422787943074, 1.197725752508361, 1.2414758006010986, 1.1900956786878352, 1.1809034692380254], "15": [1.2469853574504737, 1.200634985661614, 1.2466108687964164, 1.2015225206174667, 1.2309935430118726, 1.1955397543632837, 1.2493083988049132, 1.1765843179377014, 1.2597824868258773, 1.1618748734561652, 1.2152101829072628, 1.2321428571428572, 1.2366989117291414, 1.228035640281807, 1.1838028806957153, 1.1929012345679013, 1.2303010890454837, 1.2246202200104768, 1.230701324178519, 1.1954447522314557, 1.199113300492611, 1.1852583736784903, 1.1578600606140466, 1.223463687150838, 1.2322297044519266, 1.273308135349172, 1.2409185390478077, 1.2189410543315262, 1.277484974572353, 1.1970710540589404], "20": [1.2204558737580362, 1.2223700254960648, 1.2388417558096643, 1.245083932853717, 1.250386398763524, 1.1959440428128814, 1.2279710575874716, 1.2069213390840008, 1.2354497354497354, 1.2109462915601024, 1.2060282334986647, 1.2396056579511359, 1.2327224326814785, 1.2601137800252844, 1.229209121785541, 1.1862603878116345, 1.207086377739966, 1.16563208197852, 1.2579817267221025, 1.1833860598020207, 1.2439126084056038, 1.2468883901244643, 1.1647325933400605, 1.2713513513513512, 1.2408309313189543, 1.2279615795090715, 1.223811071389882, 1.231336110221083, 1.265943600867679, 1.2213011542497376], "25": [1.2534324942791761, 1.2386580251620283, 1.2657424812030076, 1.2452287581699346, 1.2411193457705085, 1.1907210031347963, 1.2798085291557877, 1.2300081480619254, 1.2500609013398294, 1.24048968029138, 1.2230869001297018, 1.215397509578544, 1.260039418576004, 1.265341905318527, 1.2380326432248878, 1.2125860989355042, 1.2392034548944337, 1.2183818626361413, 1.2808597748208803, 1.2282106212650805, 1.2300524793830996, 1.2686771041294524, 1.2233070211882011, 1.2464014507537118, 1.2767989087188814, 1.2521701388888888, 1.2453629032258065, 1.23687374749499, 1.247351814288934, 1.223613184793844], "30": [1.266897746967071, 1.2706846418186624, 1.2849060873500793, 1.196843853820598, 1.3129671758206045, 1.255068809748923, 1.2730579676132363, 1.2541605343597872, 1.2837383177570094, 1.327819392426134, 1.31081799808531, 1.2339326084616213, 1.2485021117768391, 1.316315205327414, 1.2704185048289018, 1.30193401592719, 1.3052791204625154, 1.1856559766763848, 1.2650754992693618, 1.230407707672424, 1.289074074074074, 1.2744650809166937, 1.2013913043478261, 1.2803305371228246, 1.2873818139372009, 1.2621337997376476, 1.264771322620519, 1.254769379376962, 1.2805881143327165, 1.3092734225621414]}