{"5": [109.1311320754717, 111.62142857142857, 114.49392857142855, 127.66037735849055, 107.39788732394365, 124.6829268292683, 115.7595744680851, 108.5496644295302, 102.42735849056602, 121.07669491525422, 95.32959183673469, 96.19891304347826, 113.41204379562043, 107.55986842105263, 121.40751879699248, 103.61803278688525, 117.99961832061068, 107.38359375, 100.58694267515922, 103.46842105263157, 108.0369718309859, 120.2053846153846, 103.50895522388059, 115.456050955414, 107.3444055944056, 120.69928057553956, 122.29607843137255, 100.48597122302158, 115.98848684210526, 100.8667808219178], "10": [100.98588957055215, 102.55465116279069, 112.16678571428572, 92.50352112676056, 111.73333333333333, 114.10559210526316, 110.59499999999998, 114.31423357664232, 99.37548387096774, 111.65555555555555, 101.86584507042254, 105.50316455696203, 95.58380281690141, 114.35555555555554, 103.08375, 99.54084507042253, 98.17702702702702, 115.38454545454545, 119.95533707865168, 98.93529411764706, 100.82957746478873, 120.69496402877698, 100.62814569536422, 106.82058823529411, 106.17980769230769, 116.6758064516129, 112.80942857142857, 114.83376623376624, 108.31226415094339, 103.90178571428571], "15": [109.36200000000001, 94.87232142857142, 102.65261194029851, 116.2657894736842, 99.41654676258992, 110.06346153846154, 105.31621621621622, 106.28529411764707, 96.56225806451613, 99.98571428571428, 97.78888888888889, 108.04530201342283, 108.70625, 102.75181818181818, 112.97307692307693, 104.49, 115.45143884892086, 106.71744966442954, 103.03717105263158, 103.84662162162162, 99.23068965517241, 104.50208333333333, 104.47867132867133, 102.18206896551725, 101.91915584415584, 100.07238805970148, 111.78502994011976, 93.85129870129869, 109.67678571428571, 117.86324503311258], "20": [105.013, 104.72380952380952, 114.59776119402984, 95.79489795918367, 91.45629139072848, 109.54303278688525, 117.1105769230769, 106.2383211678832, 112.26020408163265, 90.5294776119403, 119.24274193548388, 88.94312977099236, 121.6648854961832, 109.23, 103.16174496644295, 105.14430379746834, 96.71357142857143, 111.79172932330827, 99.11158536585366, 109.5860465116279, 102.71704545454544, 111.02111111111111, 108.76114864864866, 103.21979166666667, 95.8110759493671, 116.28461538461539, 107.23378378378378, 100.63356164383562, 107.12896551724138, 93.84932432432433], "25": [105.35613496932515, 89.80650887573965, 102.85510204081632, 89.95714285714284, 83.78742331288343, 110.37670807453416, 110.7375, 99.2561797752809, 92.26064516129033, 101.67328767123287, 108.80094339622642, 109.16538461538461, 89.81687116564417, 95.44758620689655, 106.85331325301205, 107.16019736842104, 103.9801775147929, 100.4280701754386, 105.63149171270719, 106.29674556213018, 104.3034375, 109.1191616766467, 106.13212290502794, 103.88132530120482, 100.86209677419355, 93.03433734939759, 102.8653846153846, 96.30538922155688, 91.69285714285715, 91.51242603550295], "30": [97.32532894736842, 97.59683544303796, 104.4892156862745, 103.01481481481481, 100.40982658959537, 109.39074074074074, 89.9402027027027, 102.99017857142857, 90.73353658536585, 92.80714285714285, 101.04088235294118, 112.09285714285714, 111.25756578947369, 99.71851851851851, 99.04565217391304, 106.18509316770185, 98.19745222929936, 92.07549019607843, 107.83867924528302, 90.03818181818181, 105.48333333333332, 115.91751592356687, 106.68116883116882, 91.23899999999999, 97.48230337078651, 93.57053571428571, 97.00650887573964, 94.308, 113.28653846153846, 86.92792207792208]}