{"5": [0.44765342960288806, 0.26353790613718414, 0.35379061371841153, 0.38267148014440433, 0.3862815884476534, 0.36823104693140796, 0.22382671480144403, 0.37906137184115524, 0.4043321299638989, 0.2779783393501805, 0.3898916967509025, 0.3898916967509025, 0.3104693140794224, 0.5992779783393501, 0.38267148014440433, 0.2815884476534296, 0.3176895306859206, 0.33212996389891697, 0.2888086642599278, 0.23826714801444043, 0.40794223826714804, 0.33212996389891697, 0.4620938628158845, 0.4043321299638989, 0.3104693140794224, 0.30324909747292417, 0.4693140794223827, 0.4223826714801444, 0.296028880866426, 0.3285198555956679], "10": [0.21660649819494585, 0.2490974729241877, 0.13357400722021662, 0.20216606498194944, 0.36101083032490977, 0.12274368231046931, 0.21299638989169675, 0.22743682310469315, 0.19855595667870035, 0.18411552346570398, 0.22021660649819494, 0.35379061371841153, 0.2888086642599278, 0.2779783393501805, 0.27075812274368233, 0.26714801444043323, 0.2490974729241877, 0.20938628158844766, 0.20577617328519857, 0.2743682310469314, 0.1588447653429603, 0.2851985559566787, 0.20577617328519857, 0.19133574007220217, 0.21299638989169675, 0.30324909747292417, 0.18411552346570398, 0.21299638989169675, 0.23826714801444043, 0.2490974729241877], "15": [0.7328519855595668, 0.7581227436823105, 0.6173285198555957, 0.7509025270758123, 0.7111913357400722, 0.7870036101083032, 0.7364620938628159, 0.6101083032490975, 0.7689530685920578, 0.6425992779783394, 0.6678700361010831, 0.7725631768953068, 0.6606498194945848, 0.7906137184115524, 0.6787003610108303, 0.6606498194945848, 0.5992779783393501, 0.7617328519855595, 0.7148014440433214, 0.6931407942238267, 0.6714801444043321, 0.6389891696750902, 0.7184115523465704, 0.6895306859205776, 0.7472924187725631, 0.7689530685920578, 0.7509025270758123, 0.8303249097472925, 0.6931407942238267, 0.7436823104693141], "20": [0.5523465703971119, 0.592057761732852, 0.6064981949458483, 0.5812274368231047, 0.6570397111913358, 0.6245487364620939, 0.6823104693140795, 0.6642599277978339, 0.6173285198555957, 0.5992779783393501, 0.6534296028880866, 0.628158844765343, 0.6750902527075813, 0.6173285198555957, 0.7111913357400722, 0.5595667870036101, 0.6714801444043321, 0.631768953068592, 0.6823104693140795, 0.6931407942238267, 0.6787003610108303, 0.628158844765343, 0.6534296028880866, 0.6787003610108303, 0.6498194945848376, 0.6750902527075813, 0.6353790613718412, 0.6462093862815884, 0.7328519855595668, 0.7906137184115524], "25": [0.37184115523465705, 0.30324909747292417, 0.26714801444043323, 0.34296028880866425, 0.3935018050541516, 0.37906137184115524, 0.44404332129963897, 0.37545126353790614, 0.4657039711191336, 0.4007220216606498, 0.4187725631768953, 0.33212996389891697, 0.36462093862815886, 0.4332129963898917, 0.4223826714801444, 0.4729241877256318, 0.36462093862815886, 0.3176895306859206, 0.35018050541516244, 0.36101083032490977, 0.36823104693140796, 0.4548736462093863, 0.4657039711191336, 0.35379061371841153, 0.5090252707581228, 0.41155234657039713, 0.4657039711191336, 0.4332129963898917, 0.4693140794223827, 0.3898916967509025], "30": [0.6173285198555957, 0.5992779783393501, 0.5342960288808665, 0.6173285198555957, 0.6534296028880866, 0.6064981949458483, 0.7111913357400722, 0.6137184115523465, 0.5054151624548736, 0.6101083032490975, 0.5992779783393501, 0.5956678700361011, 0.6462093862815884, 0.6389891696750902, 0.631768953068592, 0.703971119133574, 0.631768953068592, 0.6389891696750902, 0.6823104693140795, 0.6570397111913358, 0.6245487364620939, 0.5703971119133574, 0.5703971119133574, 0.5812274368231047, 0.6353790613718412, 0.6714801444043321, 0.6137184115523465, 0.7003610108303249, 0.6570397111913358, 0.7328519855595668]}