{"5": [99.21214285714285, 101.88779527559056, 111.29117647058824, 112.20204081632653, 111.32966101694915, 109.35189873417721, 114.42410071942446, 120.71554054054054, 115.50421348314606, 138.71954887218044, 90.05357142857143, 114.78375, 112.56639344262295, 114.71603773584906, 134.9989726027397, 104.8308, 126.27067669172932, 113.6419708029197, 111.78603351955307, 108.20239726027397, 121.9625, 131.50236486486486, 113.95376712328768, 106.62620689655172, 109.23796296296297, 118.56479999999999, 116.12919463087248, 116.472, 118.86875, 108.38216560509555], "10": [114.42232142857142, 110.05353982300885, 116.82162162162162, 96.54375, 110.0763779527559, 104.55444444444444, 116.29349112426034, 130.81397515527948, 104.63437499999999, 112.88275862068966, 118.21826923076924, 108.79700000000001, 105.3391304347826, 121.52755102040815, 125.03454545454545, 86.60813953488372, 109.14626865671642, 119.17602739726027, 108.04615384615384, 101.29379562043796, 106.85611510791365, 111.9552, 104.7484756097561, 110.66964285714285, 101.58540372670808, 118.76013986013984, 109.84172185430464, 106.45570469798658, 112.21140350877194, 114.15862068965517], "15": [91.920703125, 113.0225, 118.27291666666666, 117.61791044776119, 117.30173410404623, 106.5576923076923, 110.12641509433962, 111.30333333333333, 114.69047619047619, 113.14404761904763, 114.24230769230769, 114.16973684210527, 112.91874999999999, 98.77972027972027, 125.70102739726028, 119.82260869565216, 122.79556451612902, 130.5721875, 111.47770700636941, 116.08013245033112, 103.90465116279069, 121.83952702702703, 117.07086614173228, 104.00555555555555, 117.98888888888888, 119.27093023255813, 116.66806451612902, 110.31310975609755, 114.39186046511627, 121.125], "20": [120.03362068965518, 112.33882978723405, 114.6172131147541, 103.69026845637583, 103.81530612244897, 114.62976190476189, 114.70880281690141, 116.96360294117646, 126.2918674698795, 117.72346153846152, 140.64903846153845, 124.0255319148936, 131.40555555555557, 118.69021739130434, 106.775, 122.41094890510949, 111.08503937007873, 136.33804347826086, 115.94172413793103, 123.29661654135337, 108.012890625, 113.04204545454546, 112.82735849056603, 117.86963190184048, 120.91898734177215, 118.44957983193277, 114.61967213114754, 127.18636363636362, 128.80248447204968, 103.57195945945945], "25": [109.66912751677852, 115.6792899408284, 99.86, 102.95729166666666, 101.48354430379747, 108.64591836734694, 117.19910714285714, 102.93695652173913, 112.4375, 120.94315068493151, 119.53660714285715, 108.32770700636942, 109.07830188679245, 117.49622641509433, 116.36842105263158, 117.94203821656049, 99.96960784313725, 121.89139072847681, 123.28392857142856, 124.83981481481482, 111.41273885350317, 125.66396103896103, 101.184375, 111.183, 105.6734693877551, 110.95753012048192, 124.553125, 117.99537572254334, 117.35526315789473, 113.16197604790419], "30": [117.03116883116883, 113.2746835443038, 116.527, 117.04316546762588, 102.59528301886792, 109.96544117647059, 126.63312883435583, 109.81018518518518, 107.39363636363636, 114.06019736842104, 118.40275862068964, 109.00844594594595, 121.47840909090908, 110.40911602209944, 119.22814569536422, 126.24786585365852, 113.30338983050846, 119.05827067669172, 102.23916083916083, 106.02972972972974, 104.08740458015268, 106.332, 132.0875, 109.57064516129033, 107.937125748503, 113.25906040268457, 115.04437499999999, 123.71999999999998, 127.90957446808511, 113.43562499999999]}