{"5": [0.44765342960288806, 0.26353790613718414, 0.35379061371841153, 0.38267148014440433, 0.35379061371841153, 0.37184115523465705, 0.22382671480144403, 0.37906137184115524, 0.4043321299638989, 0.2779783393501805, 0.3898916967509025, 0.3898916967509025, 0.3104693140794224, 0.5812274368231047, 0.38267148014440433, 0.2815884476534296, 0.3176895306859206, 0.3249097472924188, 0.2851985559566787, 0.23826714801444043, 0.40794223826714804, 0.33212996389891697, 0.4620938628158845, 0.4043321299638989, 0.30685920577617326, 0.30324909747292417, 0.4693140794223827, 0.4223826714801444, 0.296028880866426, 0.3285198555956679], "10": [0.21299638989169675, 0.2924187725631769, 0.13357400722021662, 0.16606498194945848, 0.3140794223826715, 0.1444043321299639, 0.23104693140794225, 0.22021660649819494, 0.2996389891696751, 0.18411552346570398, 0.20577617328519857, 0.30324909747292417, 0.3104693140794224, 0.21299638989169675, 0.2527075812274368, 0.22021660649819494, 0.26714801444043323, 0.18050541516245489, 0.24187725631768953, 0.23826714801444043, 0.19855595667870035, 0.2924187725631769, 0.20577617328519857, 0.20938628158844766, 0.17689530685920576, 0.2490974729241877, 0.18772563176895307, 0.3285198555956679, 0.36823104693140796, 0.22382671480144403], "15": [0.7725631768953068, 0.6714801444043321, 0.6895306859205776, 0.7256317689530686, 0.7184115523465704, 0.7436823104693141, 0.7256317689530686, 0.6931407942238267, 0.7328519855595668, 0.7075812274368231, 0.6787003610108303, 0.740072202166065, 0.6678700361010831, 0.779783393501805, 0.7220216606498195, 0.7148014440433214, 0.6570397111913358, 0.7689530685920578, 0.7833935018050542, 0.7111913357400722, 0.7111913357400722, 0.6534296028880866, 0.7364620938628159, 0.6931407942238267, 0.7617328519855595, 0.7436823104693141, 0.6823104693140795, 0.6859205776173285, 0.6823104693140795, 0.740072202166065], "20": [0.6967509025270758, 0.6028880866425993, 0.6678700361010831, 0.6642599277978339, 0.6787003610108303, 0.5884476534296029, 0.7111913357400722, 0.7292418772563177, 0.6534296028880866, 0.6028880866425993, 0.7436823104693141, 0.6498194945848376, 0.6714801444043321, 0.6353790613718412, 0.6823104693140795, 0.631768953068592, 0.6714801444043321, 0.6534296028880866, 0.7328519855595668, 0.592057761732852, 0.5812274368231047, 0.5631768953068592, 0.7256317689530686, 0.7364620938628159, 0.6750902527075813, 0.6534296028880866, 0.6606498194945848, 0.7003610108303249, 0.6967509025270758, 0.7292418772563177], "25": [0.4187725631768953, 0.37906137184115524, 0.33574007220216606, 0.44404332129963897, 0.4332129963898917, 0.40794223826714804, 0.36101083032490977, 0.44765342960288806, 0.4404332129963899, 0.5270758122743683, 0.44765342960288806, 0.3249097472924188, 0.36101083032490977, 0.37906137184115524, 0.4404332129963899, 0.4332129963898917, 0.33574007220216606, 0.35018050541516244, 0.33212996389891697, 0.35018050541516244, 0.33212996389891697, 0.4584837545126354, 0.4404332129963899, 0.4223826714801444, 0.30685920577617326, 0.36462093862815886, 0.3574007220216607, 0.3898916967509025, 0.5090252707581228, 0.40794223826714804], "30": [0.5487364620938628, 0.6064981949458483, 0.555956678700361, 0.6209386281588448, 0.6101083032490975, 0.6895306859205776, 0.6714801444043321, 0.631768953068592, 0.6462093862815884, 0.6498194945848376, 0.7472924187725631, 0.631768953068592, 0.5884476534296029, 0.7003610108303249, 0.6787003610108303, 0.6425992779783394, 0.631768953068592, 0.5884476534296029, 0.6859205776173285, 0.628158844765343, 0.6498194945848376, 0.6137184115523465, 0.6534296028880866, 0.6859205776173285, 0.6498194945848376, 0.5595667870036101, 0.6389891696750902, 0.6606498194945848, 0.6678700361010831, 0.6931407942238267]}