{"5": [1.138300020189784, 1.0818992989165073, 1.0724398625429554, 1.1120872755358178, 1.160318594914735, 1.165876215318947, 1.063225338491296, 1.089074074074074, 1.1586853254589806, 1.0769403068652705, 1.1711413364872856, 1.1784323514727908, 1.1351936799184505, 1.210571643879858, 1.0954050894703713, 1.1564329931403714, 1.0819067145053818, 1.2996361746361746, 1.1296043656207366, 1.0484522207267832, 1.1449361097964978, 1.1289392158957376, 1.1313400314731872, 1.153734302709848, 1.209604153147307, 1.084889833351974, 1.148643092105263, 1.1514401440144015, 1.1648966541052872, 1.2625650733554188], "10": [1.4439732142857142, 1.3621553000916848, 1.3405683803917963, 1.417971740794877, 1.3887733887733889, 1.3799185888738128, 1.3591685465678376, 1.4062038404726735, 1.3465997261524418, 1.2444084528767545, 1.4076348934846836, 1.4922500425821836, 1.3978541394809338, 1.4439933126343445, 1.3204857444561775, 1.3701013063183152, 1.4006328031469129, 1.4709924672921897, 1.4345587070194898, 1.3468495499357052, 1.3530389363722697, 1.3883840052875083, 1.3397192548777257, 1.376516036295032, 1.3202359129672432, 1.4296602095903461, 1.4442062276671772, 1.4488223068929684, 1.4627735916756368, 1.5372732314029944], "15": [1.7937491200901028, 1.6789046499279374, 1.6286617968220498, 1.5966465459423207, 1.6698876404494383, 1.6388244392884763, 1.642333413907018, 1.5952046078628357, 1.6782392026578072, 1.5635467980295565, 1.7291622179514556, 1.776605736579727, 1.6373507057546146, 1.6605210053201247, 1.5988977804620264, 1.6511995402959345, 1.6589715013532877, 1.7178307217335587, 1.7443174084660407, 1.6973416618245207, 1.6182909363704563, 1.6497906855049713, 1.6369562136885363, 1.6028957214901578, 1.6195624842846366, 1.7551664537461487, 1.6411037448485934, 1.7417729491418674, 1.7234011521913513, 1.6940632228218966], "20": [1.9985842026825633, 1.790710610485329, 1.8159762905782617, 1.807533843437316, 1.838302752293578, 1.8476881872004511, 1.900336848271822, 1.8591645121785276, 1.8493109420890128, 1.7269108280254777, 1.8611929824561404, 1.8321998711432457, 1.8775811209439528, 1.7799101969872537, 1.8505905369176148, 1.7854127238317077, 1.812181171742155, 1.8092665051860133, 1.8897021887334051, 1.7689755288262132, 1.840919540229885, 1.8276521739130436, 1.738871169047289, 1.8062893081761007, 1.8509212730318259, 1.8569715776853093, 1.7289041618938525, 1.9778813382485916, 1.8255528255528255, 1.9008835958509411], "25": [2.1092625899280577, 2.1399839098954145, 2.0436125338957516, 2.03050273018264, 2.188165570886193, 1.939991977537104, 2.0712670630600454, 2.1383188803983857, 2.0936030103480716, 2.165905755747595, 2.1639289306067715, 2.0464497295440887, 2.1323678006062647, 2.0542761749850182, 2.0538284839203675, 2.0762389915385944, 2.1699346405228757, 2.097855876188941, 2.16246719160105, 1.949505181952778, 2.1443271053344164, 2.0172673267326733, 2.035979126613568, 2.1439992971358284, 2.111718450326045, 2.1201812120694075, 2.1275050560764845, 2.1195411551620045, 2.069515614425215, 2.1332794104430666], "30": [2.4934398737299004, 2.4367565604285844, 2.2995169082125604, 2.244907671806587, 2.5552832777886687, 2.3432887354337506, 2.414255654918464, 2.441031941031941, 2.2766781032814287, 2.5322962810343053, 2.503930893914394, 2.283958314776877, 2.4481200580926257, 2.5622048674173628, 2.4564628482972135, 2.443049831397527, 2.3432873274780426, 2.4302147239263805, 2.3824177843101233, 2.4023372287145244, 2.43968945275516, 2.299331252786447, 2.3201527365294865, 2.3051348687158346, 2.329239489844119, 2.316638294059672, 2.364718853362734, 2.368593647521784, 2.417666112229712, 2.4636199095022624]}