{"5": [0.5054151624548736, 0.4584837545126354, 0.49097472924187724, 0.5306859205776173, 0.6389891696750902, 0.5703971119133574, 0.5018050541516246, 0.5342960288808665, 0.6425992779783394, 0.48014440433212996, 0.555956678700361, 0.5776173285198556, 0.4404332129963899, 0.5740072202166066, 0.5270758122743683, 0.45126353790613716, 0.48014440433212996, 0.49458483754512633, 0.6462093862815884, 0.5270758122743683, 0.6750902527075813, 0.5342960288808665, 0.5270758122743683, 0.5234657039711191, 0.5848375451263538, 0.45126353790613716, 0.5379061371841155, 0.5415162454873647, 0.51985559566787, 0.5848375451263538], "10": [0.6101083032490975, 0.4151624548736462, 0.5379061371841155, 0.51985559566787, 0.4584837545126354, 0.48736462093862815, 0.6101083032490975, 0.5848375451263538, 0.5234657039711191, 0.4187725631768953, 0.5631768953068592, 0.5487364620938628, 0.5018050541516246, 0.5667870036101083, 0.5992779783393501, 0.4657039711191336, 0.48375451263537905, 0.5270758122743683, 0.5667870036101083, 0.4981949458483754, 0.5018050541516246, 0.45126353790613716, 0.6137184115523465, 0.6245487364620939, 0.5812274368231047, 0.516245487364621, 0.555956678700361, 0.5379061371841155, 0.628158844765343, 0.631768953068592], "15": [0.4620938628158845, 0.4332129963898917, 0.5234657039711191, 0.48375451263537905, 0.6245487364620939, 0.51985559566787, 0.5812274368231047, 0.48736462093862815, 0.6859205776173285, 0.4620938628158845, 0.516245487364621, 0.5523465703971119, 0.51985559566787, 0.5270758122743683, 0.5306859205776173, 0.4187725631768953, 0.4584837545126354, 0.5992779783393501, 0.5703971119133574, 0.5523465703971119, 0.4657039711191336, 0.5379061371841155, 0.4729241877256318, 0.49458483754512633, 0.5848375451263538, 0.4657039711191336, 0.5631768953068592, 0.592057761732852, 0.47653429602888087, 0.5595667870036101], "20": [0.628158844765343, 0.34296028880866425, 0.45126353790613716, 0.5415162454873647, 0.5379061371841155, 0.4548736462093863, 0.5126353790613718, 0.49097472924187724, 0.6101083032490975, 0.4693140794223827, 0.5667870036101083, 0.5126353790613718, 0.48736462093862815, 0.4981949458483754, 0.4332129963898917, 0.49458483754512633, 0.4584837545126354, 0.4981949458483754, 0.5342960288808665, 0.48375451263537905, 0.4693140794223827, 0.47653429602888087, 0.5740072202166066, 0.592057761732852, 0.5740072202166066, 0.4296028880866426, 0.4404332129963899, 0.6389891696750902, 0.5812274368231047, 0.5342960288808665], "25": [0.5379061371841155, 0.6101083032490975, 0.49097472924187724, 0.5234657039711191, 0.5848375451263538, 0.5342960288808665, 0.6209386281588448, 0.5090252707581228, 0.5667870036101083, 0.5306859205776173, 0.6101083032490975, 0.5667870036101083, 0.5776173285198556, 0.5848375451263538, 0.5487364620938628, 0.5667870036101083, 0.5523465703971119, 0.5451263537906137, 0.6137184115523465, 0.592057761732852, 0.5848375451263538, 0.5595667870036101, 0.5270758122743683, 0.5415162454873647, 0.5451263537906137, 0.6064981949458483, 0.5306859205776173, 0.6245487364620939, 0.555956678700361, 0.6064981949458483], "30": [0.5595667870036101, 0.5740072202166066, 0.5451263537906137, 0.5126353790613718, 0.5776173285198556, 0.49458483754512633, 0.5956678700361011, 0.5956678700361011, 0.5956678700361011, 0.5523465703971119, 0.5306859205776173, 0.5342960288808665, 0.5090252707581228, 0.6534296028880866, 0.5451263537906137, 0.5992779783393501, 0.4259927797833935, 0.4981949458483754, 0.5270758122743683, 0.5379061371841155, 0.4729241877256318, 0.5487364620938628, 0.5270758122743683, 0.5595667870036101, 0.6101083032490975, 0.5379061371841155, 0.592057761732852, 0.5812274368231047, 0.51985559566787, 0.5812274368231047]}